persona,persona_role,citation_short,citation_full,control_objective,primary_test_file,test_count,governance_layer,adverse_action_codes,notes
Credit Fundamentals,Underwriter — evaluate borrower creditworthiness against institutional floors,SR 26-2,"Federal Reserve Model Risk Management Guidance (formerly SR 11-7, replaced 2026-04-17)",Tier 3 companion control for GenAI/agentic — SR 26-2 explicitly carves out this class,test/traceability-and-guardrail.test.js,19,institutional risk framework,"AA01, AA02",FICO<700 hard block per Lora 2026-06-19
Credit Fundamentals,Underwriter — evaluate borrower creditworthiness against institutional floors,Reg B §1002.6,"ECOA implementing regulation — adverse action notice requirements",Specific and accurate reasons required for denial,test/loan-policy.test.js,15,regulatory,"AA01, AA02",Per Lora BRD §3.1 FICO floor
Credit Fundamentals,Underwriter — evaluate borrower creditworthiness against institutional floors,CFPB Circular 2022-03,Requires denials to cite the specific policy source; no template phrases,Adverse-action reasons must be traceable to policy source,test/reason-code-dictionary.test.js,17,regulatory,"AA01, AA02",v1.5.14 rewrite persona rationales to real examiner language
Credit Fundamentals,Underwriter — evaluate borrower creditworthiness against institutional floors,BRD §3.1 FICO floor,Board-approved FICO floor per institutional risk framework,Institutional-side floor (BRD not Addendum),test/loan-policy.test.js,15,institutional risk framework,"AA01",FICO<700 hard block confirmed 2026-06-19
Risk Officer,Portfolio VaR + concentration + LTV — institutional-side risk appetite,SR 26-2 materiality,SR 26-2 Tier 3 materiality thresholds + effective challenge doctrine,Model use governed by development validation monitoring and controls,test/api-deliberate.test.js,68,institutional risk framework,"AA03, AA04",v1.5.14 rationale cites this explicitly
Risk Officer,Portfolio VaR + concentration + LTV — institutional-side risk appetite,Risk Appetite Note §2,Institutional VaR ceiling 0.12 @ 95%/10d per Risk Appetite Note,VaR ceiling enforced across all council decisions,test/risk-tools.test.js,42,benchmark calibration parameter,"AA04",Addendum C governance layer
Risk Officer,Portfolio VaR + concentration + LTV — institutional-side risk appetite,Addendum C §LTV,LTV ceiling 0.80 conforming per Addendum C,LTV ceiling drives escalation trigger,test/loan-policy.test.js,15,product-line policy,"AA03",Per Lora Mode A package
Fair Lending Compliance,ECOA / Reg B disparate-impact + adverse-action notice compliance,ECOA,Equal Credit Opportunity Act — prohibited-basis analysis,15-item protected-class proxy blocklist enforced,test/reason-code-dictionary.test.js,17,regulatory,"AA05",Reg B primary enforcement voice
Fair Lending Compliance,ECOA / Reg B disparate-impact + adverse-action notice compliance,FFIEC three-step framework,FFIEC three-step disparate-impact framework,"(1) legitimate business need, (2) less-discriminatory alternative, (3) accurate reasons",test/api-deliberate.test.js,68,regulatory,"AA05",v1.5.14 rationale cites this
Fair Lending Compliance,ECOA / Reg B disparate-impact + adverse-action notice compliance,Reg B AA01-AA06,Signed reason-code dictionary — post-hoc swap breaks attestation,Dictionary hash bound into every attestation payload (v1.5.8),test/dictionary-hash-binding.test.js,7,regulatory,"AA01-AA06",Closes Reg B post-hoc dictionary edit gap
Fair Lending Compliance,ECOA / Reg B disparate-impact + adverse-action notice compliance,Protected-class proxy blocklist,15-item ECOA proxy attribute blocklist,Enforced in lib/enforce-reason-code-dictionary.js,test/reason-code-dictionary.test.js,17,regulatory,"AA05",All 6 voices apply
Customer Advocate,Adverse-action explanation quality + borrower-facing readability,CFPB Bulletin 2024-09,Model-traceability for adverse-action explanations,Consumer-facing output must preserve human escalation,test/traceability-reproducibility.test.js,14,regulatory,(escalates all),v1.5.14 rationale cites this
Customer Advocate,Adverse-action explanation quality + borrower-facing readability,Reg B §1002.9,ECOA notice timing (30 days),Notice content and timing requirements,test/adverse-action.test.js,12,regulatory,(escalates all),AA codes traceability
Macro Contrarian,Sector cycle + recession sensitivity — devil's advocate,Historical stress episodes,"2008 CMBS, 2020 SVB, 2023 Signature Bank",Portfolio survives 200bp shock scenarios,test/api-deliberate.test.js,68,institutional risk framework,(none),v1.5.14 rationale cites these episodes
Macro Contrarian,Sector cycle + recession sensitivity — devil's advocate,CCAR/DFAST alignment,Comprehensive Capital Analysis and Review — annual stress test,Sector-cycle overlay per institutional risk appetite note,test/risk-tools.test.js,42,institutional risk framework,(none),indirect via risk-tools
AML/KYC Investigator,AML / Sanctions / KYC — regulatory eligibility (opt-in),BSA §5318(g)(2),Bank Secrecy Act — SAR tipping-off prohibition,Borrower-facing rationale must NOT name specific AML flag,test/aml-kyc-adversarial.test.js,32,regulatory,"AA06",v1.5.9 hardening — ACAMS 2026 procurement lane
AML/KYC Investigator,AML / Sanctions / KYC — regulatory eligibility (opt-in),USA PATRIOT §326,Customer Identification Program (CIP),CDD verification required,test/aml-kyc-voice.test.js,24,regulatory,"AA06",Opt-in via aml_flags[] or kyc_status
AML/KYC Investigator,AML / Sanctions / KYC — regulatory eligibility (opt-in),FinCEN CDD 31 CFR 1010.230,Customer Due Diligence — beneficial ownership + risk-based CDD,Beneficial ownership disclosure required,test/aml-kyc-voice.test.js,24,regulatory,"AA06",5-pillar framework
AML/KYC Investigator,AML / Sanctions / KYC — regulatory eligibility (opt-in),OFAC SDN list,Specially Designated Nationals sanctions program,SDN match blocks decision automatically,test/aml-kyc-adversarial.test.js,32,regulatory,"AA06",OFAC 50% rule for ownership aggregation
AML/KYC Investigator,AML / Sanctions / KYC — regulatory eligibility (opt-in),FATF Recommendation 10,International CDD framework,Risk-based approach to CDD,test/aml-kyc-voice.test.js,24,regulatory,"AA06",International AML standard
All personas (EU),Global governance — EU credit-scoring regime,GDPR Article 22,Automated individual decision-making + right to meaningful information,Applicant right to meaningful information about the logic,test/reason-code-dictionary.test.js,17,regulatory,(varies),Schufa case makes this enforceable today
All personas (EU),Global governance — EU credit-scoring regime,ECJ Schufa C-634/21,2023 ECJ ruling — credit scoring qualifies as automated decision,Human intervention requirement,test/traceability-reproducibility.test.js,14,regulatory,(varies),EU procurement anchor (not AI Act)
All personas (cross-cutting),Cryptographic attestation invariants,RFC 8032 Ed25519,Edwards-Curve Digital Signature Algorithm,SR 26-2 Tier 3 attestation binding,test/attestation-ed25519.test.js,13,cryptographic invariant,N/A,Procurement-recommended mode
All personas (cross-cutting),Cryptographic attestation invariants,Dictionary-hash binding v1.5.8,Reason-code dictionary SHA-256 signed into attestation payload,Post-hoc dictionary edit breaks verification,test/dictionary-hash-binding.test.js,7,cryptographic invariant,N/A,Closes Reg B moat
All personas (cross-cutting),Cryptographic attestation invariants,Hash-chain integrity v1.5.10,previous_hash chain — detects reordering / insertion / truncation,End-to-end hash chain across decisions,test/attestation-chain.test.js,22,cryptographic invariant,N/A,Bank SIEM verification
All personas (cross-cutting),Cryptographic attestation invariants,Schema-runtime coherence v1.5.11,Persona L1/L2/L3 thresholds pinned against runtime LOAN_DEFAULTS,Silent prompt drift blocked,test/schema-runtime-coherence.test.js,48,cryptographic invariant,N/A,48 tests
All personas (cross-cutting),Cryptographic attestation invariants,Cross-language Node ↔ Python verifier,shadow_verify Python library replicates Node signing payload byte-for-byte,Cross-language attestation invariant,test/python-verify-cross-lang.test.js,7,cryptographic invariant,N/A,CI Python 3.9-3.13 matrix
All personas (cross-cutting),Cryptographic attestation invariants,MCP tool SBOM manifest,GET /api/mcp-manifest — 8 tools with SHA-256 hashes,Bank counsel pins manifest_hash_sha256 in procurement contracts,test/mcp-manifest.test.js,11,cryptographic invariant,N/A,v1.5.12 ship
All personas (adversarial),Red-team invariants,MCPTox canary tokens,arXiv:2508.14925 — prompt-injection detection at council output,Detects prompt-injection attempts,test/mcptox-canary.test.js,5,adversarial guardrail,N/A,All 6 voices
All personas (adversarial),Red-team invariants,Free-MAD hallucination amplification,arXiv:2509.11035 — provider diversity defense,Never silently substitute providers during diverse routing,test/provider-diversity.test.js,18,adversarial guardrail,N/A,Enforced across council
All personas (adversarial),Red-team invariants,Hidden-anchor bias,arXiv:2606.19494 — randomize persona presentation order,Defeats position bias in council output,test/presentation-order.test.js,12,adversarial guardrail,N/A,All 6 voices randomized
All personas (adversarial),Red-team invariants,Analysis-only guardrail,12-pattern regex catches hallucinated trade-execution verbs,Council output stays analysis not execution,test/traceability-and-guardrail.test.js,19,adversarial guardrail,N/A,Boundary enforcement
